{
    "kappa": 4.570371406343785,
    "theta": 0.022314205225030023,
    "long_run_vol_pct": 14.937940027001723,
    "sigma": 0.9919845107933981,
    "rho": -0.19246482045701754,
    "v0": 0.01183934326352562,
    "initial_vol_pct": 10.880874626391767
}