{
    "kappa": 0.27037278502350814,
    "theta": 0.05906833169299793,
    "sigma_r": 0.0055465696014104365,
    "r0": 0.0369
}